{
    "Gemini Reference Text": {
        "0": {
            "s_bert": 0.21388709545135498,
            "jsd": 0.21168901908978846,
            "kld": 0.5164507229606294,
            "bert_score": 0.8224339485168457
        },
        "1": {
            "s_bert": 0.22471152245998383,
            "jsd": 0.0712478141928068,
            "kld": 0.16505174305044654,
            "bert_score": 0.8439241647720337
        },
        "2": {
            "s_bert": 0.3119036555290222,
            "jsd": 0.20106430570255052,
            "kld": 0.4956585117905468,
            "bert_score": 0.818785548210144
        },
        "3": {
            "s_bert": 0.15098309516906738,
            "jsd": 0.11117573274357531,
            "kld": 0.7921612390430592,
            "bert_score": 0.8442438840866089
        },
        "4": {
            "s_bert": 0.23162434995174408,
            "jsd": 0.09798970634225238,
            "kld": 0.22240728447182692,
            "bert_score": 0.8574045896530151
        },
        "5": {
            "s_bert": 0.20786339044570923,
            "jsd": 0.14271083957544753,
            "kld": 0.35201988058830147,
            "bert_score": 0.8529425263404846
        },
        "6": {
            "s_bert": 0.2844265401363373,
            "jsd": 0.10530767184818908,
            "kld": 0.7131807526076954,
            "bert_score": 0.8670772314071655
        },
        "7": {
            "s_bert": 0.3425828218460083,
            "jsd": 0.08014059418006475,
            "kld": 0.19201776611665358,
            "bert_score": 0.8572115898132324
        },
        "8": {
            "s_bert": 0.163752481341362,
            "jsd": 0.11014873041758359,
            "kld": 0.7453357800878632,
            "bert_score": 0.8367927074432373
        },
        "9": {
            "s_bert": 0.1444919854402542,
            "jsd": 0.15839107612182957,
            "kld": 0.37428969197156065,
            "bert_score": 0.8512462973594666
        }
    },
    "Spam Template\n(Spammimic)": {
        "0": {
            "s_bert": 0.08706755936145782,
            "jsd": 0.06743676911000339,
            "kld": 1.7595583151003082,
            "bert_score": 0.7802162766456604
        },
        "1": {
            "s_bert": 0.16487154364585876,
            "jsd": 0.0736747288039398,
            "kld": 2.466102836976328,
            "bert_score": 0.7802422642707825
        },
        "2": {
            "s_bert": 0.13043080270290375,
            "jsd": 0.08451911689581514,
            "kld": 2.8567525739377118,
            "bert_score": 0.773524284362793
        },
        "3": {
            "s_bert": 0.22722023725509644,
            "jsd": 0.0405626687917155,
            "kld": 0.47426343392267006,
            "bert_score": 0.7738275527954102
        },
        "4": {
            "s_bert": 0.3520939350128174,
            "jsd": 0.05526192638517212,
            "kld": 1.2311148528854408,
            "bert_score": 0.7907460331916809
        },
        "5": {
            "s_bert": 0.07231457531452179,
            "jsd": 0.09063963081272872,
            "kld": 3.02100561265481,
            "bert_score": 0.7757424712181091
        },
        "6": {
            "s_bert": 0.19367985427379608,
            "jsd": 0.08760695635159108,
            "kld": 2.9073828643051716,
            "bert_score": 0.7745705842971802
        },
        "7": {
            "s_bert": 0.31383806467056274,
            "jsd": 0.051179669695682564,
            "kld": 1.1361587087659952,
            "bert_score": 0.7806752324104309
        },
        "8": {
            "s_bert": 0.18502478301525116,
            "jsd": 0.06464967230118213,
            "kld": 1.2153433329097234,
            "bert_score": 0.7754701375961304
        },
        "9": {
            "s_bert": 0.1569603681564331,
            "jsd": 0.09791647920517645,
            "kld": 3.24316030987804,
            "bert_score": 0.7811702489852905
        }
    },
    "Custom Template\n(Stegosaurus)": {
        "0": {
            "s_bert": 0.1251184195280075,
            "jsd": 0.10128551878094291,
            "kld": 0.637247991873267,
            "bert_score": 0.8350978493690491
        },
        "1": {
            "s_bert": 0.1978888362646103,
            "jsd": 0.07566210778239928,
            "kld": 0.9649740550036661,
            "bert_score": 0.8344185948371887
        },
        "2": {
            "s_bert": 0.17857655882835388,
            "jsd": 0.0817803235408901,
            "kld": 1.0681068983894517,
            "bert_score": 0.8318969011306763
        },
        "3": {
            "s_bert": 0.10606999695301056,
            "jsd": 0.06532272264855273,
            "kld": 0.15655772027044607,
            "bert_score": 0.8249847888946533
        },
        "4": {
            "s_bert": 0.37709107995033264,
            "jsd": 0.07121754299019822,
            "kld": 0.16687285638021104,
            "bert_score": 0.8413742780685425
        },
        "5": {
            "s_bert": 0.0655529573559761,
            "jsd": 0.07644597906231668,
            "kld": 1.158776766622168,
            "bert_score": 0.853593647480011
        },
        "6": {
            "s_bert": 0.19164042174816132,
            "jsd": 0.08124131025394024,
            "kld": 1.1637819541846808,
            "bert_score": 0.8301731944084167
        },
        "7": {
            "s_bert": 0.26722145080566406,
            "jsd": 0.06163286217438361,
            "kld": 0.14708603453064623,
            "bert_score": 0.8405463695526123
        },
        "8": {
            "s_bert": 0.1960809826850891,
            "jsd": 0.07832276503265054,
            "kld": 0.2730438795957194,
            "bert_score": 0.8264452219009399
        },
        "9": {
            "s_bert": 0.17138300836086273,
            "jsd": 0.07686132788526424,
            "kld": 0.9520850138304269,
            "bert_score": 0.8379287123680115
        }
    },
    "White Space Unicode\n(SNOW)": {
        "0": {
            "s_bert": 0.21388709545135498,
            "jsd": 0.520111477292739,
            "kld": 9.948833905471504,
            "bert_score": 0.8224339485168457
        },
        "1": {
            "s_bert": 0.22471152245998383,
            "jsd": 0.38980983266338276,
            "kld": 8.636240177199188,
            "bert_score": 0.8439241647720337
        },
        "2": {
            "s_bert": 0.3119036555290222,
            "jsd": 0.5404989399353709,
            "kld": 10.047957174684203,
            "bert_score": 0.818785548210144
        },
        "3": {
            "s_bert": 0.15098309516906738,
            "jsd": 0.4378538434423417,
            "kld": 9.4175329560974,
            "bert_score": 0.8442438840866089
        },
        "4": {
            "s_bert": 0.23162434995174408,
            "jsd": 0.41775270367499917,
            "kld": 8.908840331885537,
            "bert_score": 0.8574045896530151
        },
        "5": {
            "s_bert": 0.20786339044570923,
            "jsd": 0.483021400680839,
            "kld": 9.372529837159181,
            "bert_score": 0.8529425263404846
        },
        "6": {
            "s_bert": 0.2844265401363373,
            "jsd": 0.4219627389445358,
            "kld": 9.029874682890764,
            "bert_score": 0.8670772314071655
        },
        "7": {
            "s_bert": 0.3425828218460083,
            "jsd": 0.3457948070460019,
            "kld": 8.050073233590522,
            "bert_score": 0.8572115898132324
        },
        "8": {
            "s_bert": 0.163752481341362,
            "jsd": 0.3567370817584702,
            "kld": 7.888166055495005,
            "bert_score": 0.8367927074432373
        },
        "9": {
            "s_bert": 0.1444919854402542,
            "jsd": 0.4975037070047666,
            "kld": 9.515165229074443,
            "bert_score": 0.8512462973594666
        }
    },
    "Zero-Width Unicode\n(StegCloak)": {
        "0": {
            "s_bert": 0.21388709545135498,
            "jsd": 0.6249461444464889,